Date,Time,Time_Category
01-11-2024,10:55,Morning
01-11-2024,21:18,After Evening
01-11-2024,21:50,After Evening
02-11-2024,08:04,Morning
02-11-2024,13:29,Afternoon
02-11-2024,16:03,Afternoon
03-11-2024,09:38,Morning
03-11-2024,09:39,Morning
03-11-2024,09:59,Morning
03-11-2024,12:10,Afternoon
03-11-2024,13:49,Afternoon
03-11-2024,14:11,Afternoon
03-11-2024,17:21,After Evening
03-11-2024,17:37,After Evening
04-11-2024,09:29,Morning
04-11-2024,19:34,After Evening
04-11-2024,20:23,After Evening
04-11-2024,20:29,After Evening
05-11-2024,11:17,Morning
05-11-2024,14:48,Afternoon
07-11-2024,08:58,Morning
08-11-2024,18:22,After Evening
08-11-2024,18:49,After Evening
09-11-2024,15:12,Afternoon
10-11-2024,12:43,Afternoon
10-11-2024,13:08,Afternoon
10-11-2024,14:43,Afternoon
10-11-2024,14:50,Afternoon
10-11-2024,15:41,Afternoon
10-11-2024,17:23,After Evening
10-11-2024,17:36,After Evening
10-11-2024,22:25,After Evening
11-11-2024,10:07,Morning
11-11-2024,10:07,Morning
11-11-2024,12:47,Afternoon
12-11-2024,10:14,Morning
12-11-2024,10:14,Morning
12-11-2024,10:28,Morning
12-11-2024,10:30,Morning
12-11-2024,16:35,Afternoon
12-11-2024,17:01,After Evening
12-11-2024,19:45,After Evening
13-11-2024,09:26,Morning
13-11-2024,09:47,Morning
13-11-2024,10:55,Morning
13-11-2024,10:57,Morning
13-11-2024,17:23,After Evening
14-11-2024,09:19,Morning
14-11-2024,12:25,Afternoon
14-11-2024,12:52,Afternoon
14-11-2024,13:31,Afternoon
14-11-2024,14:11,Afternoon
16-11-2024,12:02,Afternoon
16-11-2024,22:43,After Evening
18-11-2024,21:08,After Evening
19-11-2024,09:25,Morning
19-11-2024,09:58,Morning
19-11-2024,17:30,After Evening
19-11-2024,18:07,After Evening
19-11-2024,21:59,After Evening
20-11-2024,14:32,Afternoon
21-11-2024,00:02,After Evening
21-11-2024,10:09,Morning
21-11-2024,10:42,Morning
21-11-2024,10:50,Morning
21-11-2024,11:10,Morning
21-11-2024,11:42,Morning
21-11-2024,18:44,After Evening
21-11-2024,22:59,After Evening
21-11-2024,23:00,After Evening
22-11-2024,08:41,Morning
22-11-2024,08:42,Morning
22-11-2024,11:14,Morning
23-11-2024,17:25,After Evening
23-11-2024,18:01,After Evening
23-11-2024,19:10,After Evening
24-11-2024,00:02,After Evening
24-11-2024,00:03,After Evening
24-11-2024,00:03,After Evening
24-11-2024,16:58,Afternoon
25-11-2024,19:50,After Evening
26-11-2024,12:36,Afternoon
26-11-2024,13:37,Afternoon
26-11-2024,14:39,Afternoon
26-11-2024,19:02,After Evening
26-11-2024,19:11,After Evening
29-11-2024,13:20,Afternoon
29-11-2024,14:59,Afternoon
29-11-2024,16:30,Afternoon
29-11-2024,23:54,After Evening
30-11-2024,00:22,After Evening
30-11-2024,00:23,After Evening
30-11-2024,00:24,After Evening
30-11-2024,12:06,Afternoon
30-11-2024,12:48,Afternoon
30-11-2024,12:58,Afternoon
30-11-2024,17:43,After Evening
30-11-2024,19:40,After Evening
01-12-2024,08:04,Morning
01-12-2024,13:26,Afternoon
02-12-2024,13:02,Afternoon
02-12-2024,13:12,Afternoon
02-12-2024,13:12,Afternoon
02-12-2024,13:16,Afternoon
03-12-2024,11:31,Morning
03-12-2024,15:46,Afternoon
05-12-2024,15:55,Afternoon
06-12-2024,07:36,Morning
06-12-2024,10:09,Morning
06-12-2024,10:11,Morning
06-12-2024,10:11,Morning
06-12-2024,10:12,Morning
06-12-2024,10:12,Morning
06-12-2024,10:16,Morning
06-12-2024,10:17,Morning
06-12-2024,10:39,Morning
06-12-2024,11:16,Morning
06-12-2024,14:40,Afternoon
06-12-2024,20:54,After Evening
07-12-2024,09:35,Morning
07-12-2024,10:49,Morning
07-12-2024,15:35,Afternoon
07-12-2024,17:13,After Evening
07-12-2024,19:35,After Evening
08-12-2024,12:26,Afternoon
08-12-2024,12:31,Afternoon
08-12-2024,12:41,Afternoon
08-12-2024,13:18,Afternoon
08-12-2024,15:08,Afternoon
08-12-2024,21:04,After Evening
08-12-2024,21:04,After Evening
09-12-2024,10:53,Morning
09-12-2024,10:55,Morning
09-12-2024,11:03,Morning
09-12-2024,11:49,Morning
09-12-2024,13:26,Afternoon
09-12-2024,13:29,Afternoon
09-12-2024,16:40,Afternoon
09-12-2024,20:04,After Evening
09-12-2024,20:11,After Evening
11-12-2024,00:02,After Evening
11-12-2024,00:08,After Evening
11-12-2024,00:08,After Evening
11-12-2024,00:09,After Evening
11-12-2024,13:41,Afternoon
11-12-2024,15:32,Afternoon
11-12-2024,15:45,Afternoon
12-12-2024,08:04,Morning
12-12-2024,08:04,Morning
12-12-2024,10:12,Morning
12-12-2024,11:30,Morning
12-12-2024,11:36,Morning
12-12-2024,19:19,After Evening
12-12-2024,19:44,After Evening
12-12-2024,21:16,After Evening
13-12-2024,10:21,Morning
14-12-2024,09:43,Morning
14-12-2024,10:13,Morning
14-12-2024,10:15,Morning
14-12-2024,10:48,Morning
14-12-2024,17:08,After Evening
15-12-2024,10:55,Morning
16-12-2024,00:16,After Evening
16-12-2024,00:17,After Evening
16-12-2024,00:17,After Evening
16-12-2024,00:17,After Evening
16-12-2024,00:17,After Evening
16-12-2024,00:17,After Evening
16-12-2024,12:50,Afternoon
16-12-2024,16:03,Afternoon
16-12-2024,16:50,Afternoon
16-12-2024,17:08,After Evening
16-12-2024,19:43,After Evening
16-12-2024,20:13,After Evening
16-12-2024,23:34,After Evening
17-12-2024,15:00,Afternoon
18-12-2024,00:06,After Evening
18-12-2024,00:06,After Evening
18-12-2024,12:09,Afternoon
18-12-2024,21:39,After Evening
19-12-2024,15:41,Afternoon
19-12-2024,15:53,Afternoon
19-12-2024,21:09,After Evening
20-12-2024,10:38,Morning
21-12-2024,12:23,Afternoon
21-12-2024,12:23,Afternoon
22-12-2024,00:02,After Evening
22-12-2024,00:02,After Evening
22-12-2024,11:06,Morning
22-12-2024,17:07,After Evening
24-12-2024,16:21,Afternoon
24-12-2024,19:22,After Evening
25-12-2024,23:45,After Evening
26-12-2024,11:22,Morning
26-12-2024,13:33,Afternoon
26-12-2024,14:19,Afternoon
26-12-2024,18:33,After Evening
27-12-2024,10:55,Morning
27-12-2024,14:07,Afternoon
27-12-2024,14:07,Afternoon
27-12-2024,16:17,Afternoon
27-12-2024,17:41,After Evening
27-12-2024,17:42,After Evening
27-12-2024,21:28,After Evening
28-12-2024,11:37,Morning
29-12-2024,00:20,After Evening
29-12-2024,23:42,After Evening
30-12-2024,10:03,Morning
30-12-2024,12:22,Afternoon
30-12-2024,12:24,Afternoon
30-12-2024,19:50,After Evening
30-12-2024,20:50,After Evening
01-01-2025,12:00,Afternoon
01-01-2025,12:13,Afternoon
04-01-2025,23:51,After Evening
04-01-2025,23:51,After Evening
05-01-2025,00:21,After Evening
05-01-2025,00:21,After Evening
05-01-2025,00:21,After Evening
05-01-2025,00:21,After Evening
05-01-2025,00:21,After Evening
05-01-2025,00:21,After Evening
05-01-2025,00:21,After Evening
05-01-2025,00:21,After Evening
05-01-2025,00:21,After Evening
05-01-2025,16:48,Afternoon
06-01-2025,00:03,After Evening
06-01-2025,00:03,After Evening
06-01-2025,00:03,After Evening
06-01-2025,23:48,After Evening
09-01-2025,00:20,After Evening
09-01-2025,00:20,After Evening
09-01-2025,00:20,After Evening
09-01-2025,00:20,After Evening
09-01-2025,00:20,After Evening
09-01-2025,00:20,After Evening
09-01-2025,00:20,After Evening
09-01-2025,00:20,After Evening
09-01-2025,10:31,Morning
09-01-2025,10:31,Morning
09-01-2025,10:40,Morning
09-01-2025,10:50,Morning
09-01-2025,18:17,After Evening
09-01-2025,19:20,After Evening
10-01-2025,00:06,After Evening
10-01-2025,11:38,Morning
10-01-2025,11:38,Morning
10-01-2025,18:04,After Evening
10-01-2025,18:34,After Evening
10-01-2025,18:37,After Evening
10-01-2025,18:56,After Evening
11-01-2025,00:02,After Evening
11-01-2025,00:03,After Evening
11-01-2025,00:03,After Evening
11-01-2025,00:05,After Evening
11-01-2025,00:10,After Evening
11-01-2025,00:11,After Evening
11-01-2025,00:12,After Evening
11-01-2025,13:06,Afternoon
11-01-2025,13:06,Afternoon
11-01-2025,13:25,Afternoon
11-01-2025,17:19,After Evening
11-01-2025,18:15,After Evening
11-01-2025,18:16,After Evening
11-01-2025,19:15,After Evening
11-01-2025,23:13,After Evening
12-01-2025,00:01,After Evening
12-01-2025,00:09,After Evening
12-01-2025,00:09,After Evening
12-01-2025,00:10,After Evening
12-01-2025,13:56,Afternoon
12-01-2025,19:24,After Evening
13-01-2025,00:04,After Evening
13-01-2025,00:04,After Evening
13-01-2025,00:04,After Evening
13-01-2025,00:05,After Evening
13-01-2025,00:06,After Evening
13-01-2025,00:06,After Evening
13-01-2025,00:06,After Evening
13-01-2025,00:06,After Evening
13-01-2025,00:07,After Evening
13-01-2025,00:08,After Evening
13-01-2025,00:09,After Evening
13-01-2025,00:10,After Evening
13-01-2025,00:10,After Evening
13-01-2025,00:11,After Evening
13-01-2025,00:11,After Evening
13-01-2025,00:11,After Evening
13-01-2025,00:13,After Evening
13-01-2025,00:14,After Evening
13-01-2025,00:14,After Evening
13-01-2025,00:15,After Evening
13-01-2025,00:16,After Evening
13-01-2025,00:20,After Evening
13-01-2025,00:27,After Evening
13-01-2025,00:32,After Evening
13-01-2025,00:38,After Evening
13-01-2025,00:41,After Evening
13-01-2025,12:51,Afternoon
13-01-2025,12:51,Afternoon
13-01-2025,13:14,Afternoon
13-01-2025,13:16,Afternoon
13-01-2025,16:49,Afternoon
13-01-2025,17:02,After Evening
13-01-2025,19:15,After Evening
14-01-2025,12:04,Afternoon
14-01-2025,12:04,Afternoon
14-01-2025,12:04,Afternoon
14-01-2025,12:04,Afternoon
14-01-2025,12:53,Afternoon
14-01-2025,12:54,Afternoon
14-01-2025,15:01,Afternoon
14-01-2025,23:41,After Evening
14-01-2025,23:42,After Evening
15-01-2025,00:05,After Evening
15-01-2025,00:09,After Evening
15-01-2025,00:27,After Evening
15-01-2025,00:27,After Evening
15-01-2025,00:27,After Evening
15-01-2025,00:27,After Evening
15-01-2025,00:27,After Evening
15-01-2025,00:27,After Evening
15-01-2025,00:27,After Evening
15-01-2025,00:27,After Evening
15-01-2025,00:27,After Evening
15-01-2025,12:21,Afternoon
15-01-2025,12:37,Afternoon
15-01-2025,22:20,After Evening
15-01-2025,22:20,After Evening
15-01-2025,22:22,After Evening
15-01-2025,22:23,After Evening
16-01-2025,13:46,Afternoon
16-01-2025,17:20,After Evening
16-01-2025,17:20,After Evening
16-01-2025,19:12,After Evening
17-01-2025,18:51,After Evening
17-01-2025,22:12,After Evening
18-01-2025,13:49,Afternoon
18-01-2025,13:49,Afternoon
18-01-2025,13:52,Afternoon
18-01-2025,18:31,After Evening
18-01-2025,20:11,After Evening
18-01-2025,20:18,After Evening
18-01-2025,20:21,After Evening
18-01-2025,20:22,After Evening
18-01-2025,22:31,After Evening
19-01-2025,00:15,After Evening
19-01-2025,00:15,After Evening
19-01-2025,00:15,After Evening
19-01-2025,00:15,After Evening
19-01-2025,00:20,After Evening
19-01-2025,00:22,After Evening
19-01-2025,16:06,Afternoon
19-01-2025,18:04,After Evening
21-01-2025,11:45,Morning
24-01-2025,18:29,After Evening
26-01-2025,11:08,Morning
26-01-2025,11:15,Morning
26-01-2025,23:39,After Evening
26-01-2025,23:40,After Evening
27-01-2025,00:03,After Evening
27-01-2025,00:04,After Evening
28-01-2025,12:47,Afternoon
29-01-2025,00:11,After Evening
29-01-2025,00:11,After Evening
29-01-2025,00:11,After Evening
29-01-2025,00:11,After Evening
29-01-2025,00:13,After Evening
29-01-2025,00:13,After Evening
29-01-2025,19:06,After Evening
30-01-2025,15:43,Afternoon
30-01-2025,15:43,Afternoon
30-01-2025,15:44,Afternoon
30-01-2025,16:26,Afternoon
30-01-2025,22:08,After Evening
31-01-2025,14:04,Afternoon
31-01-2025,14:42,Afternoon
01-02-2025,08:42,Morning
01-02-2025,08:42,Morning
01-02-2025,09:42,Morning
01-02-2025,10:42,Morning
01-02-2025,10:42,Morning
01-02-2025,10:50,Morning
01-02-2025,15:22,Afternoon
02-02-2025,09:33,Morning
02-02-2025,09:36,Morning
02-02-2025,09:36,Morning
02-02-2025,09:50,Morning
04-02-2025,11:55,Morning
04-02-2025,23:31,After Evening
05-02-2025,00:04,After Evening
05-02-2025,09:33,Morning
05-02-2025,14:59,Afternoon
06-02-2025,10:19,Morning
06-02-2025,20:47,After Evening
06-02-2025,21:21,After Evening
06-02-2025,21:22,After Evening
06-02-2025,22:48,After Evening
07-02-2025,10:34,Morning
07-02-2025,14:37,Afternoon
07-02-2025,20:07,After Evening
07-02-2025,22:47,After Evening
07-02-2025,22:49,After Evening
07-02-2025,22:55,After Evening
07-02-2025,23:39,After Evening
08-02-2025,23:17,After Evening
08-02-2025,23:27,After Evening
09-02-2025,00:08,After Evening
09-02-2025,00:15,After Evening
09-02-2025,00:16,After Evening
09-02-2025,00:16,After Evening
09-02-2025,00:22,After Evening
09-02-2025,15:20,Afternoon
09-02-2025,22:57,After Evening
10-02-2025,21:23,After Evening
11-02-2025,12:09,Afternoon
12-02-2025,00:24,After Evening
12-02-2025,00:28,After Evening
12-02-2025,12:02,Afternoon
12-02-2025,12:35,Afternoon
12-02-2025,13:03,Afternoon
12-02-2025,14:46,Afternoon
12-02-2025,22:42,After Evening
12-02-2025,23:49,After Evening
13-02-2025,10:15,Morning
13-02-2025,20:39,After Evening
13-02-2025,20:45,After Evening
13-02-2025,20:45,After Evening
13-02-2025,21:17,After Evening
14-02-2025,09:05,Morning
14-02-2025,09:14,Morning
14-02-2025,09:28,Morning
14-02-2025,09:48,Morning
15-02-2025,00:16,After Evening
15-02-2025,00:16,After Evening
15-02-2025,00:26,After Evening
15-02-2025,14:02,Afternoon
15-02-2025,14:17,Afternoon
15-02-2025,14:18,Afternoon
16-02-2025,17:04,After Evening
16-02-2025,17:06,After Evening
16-02-2025,17:08,After Evening
16-02-2025,17:14,After Evening
16-02-2025,17:23,After Evening
16-02-2025,23:57,After Evening
17-02-2025,00:05,After Evening
17-02-2025,23:14,After Evening
19-02-2025,10:06,Morning
19-02-2025,10:49,Morning
19-02-2025,16:01,Afternoon
19-02-2025,16:01,Afternoon
19-02-2025,18:44,After Evening
20-02-2025,23:29,After Evening
20-02-2025,23:34,After Evening
21-02-2025,00:07,After Evening
21-02-2025,00:08,After Evening
21-02-2025,00:09,After Evening
21-02-2025,00:10,After Evening
21-02-2025,00:17,After Evening
21-02-2025,00:21,After Evening
21-02-2025,12:01,Afternoon
21-02-2025,12:02,Afternoon
21-02-2025,12:15,Afternoon
21-02-2025,14:36,Afternoon
22-02-2025,23:16,After Evening
22-02-2025,23:30,After Evening
23-02-2025,10:48,Morning
23-02-2025,11:24,Morning
23-02-2025,11:26,Morning
23-02-2025,19:42,After Evening
23-02-2025,19:43,After Evening
23-02-2025,20:20,After Evening
23-02-2025,23:52,After Evening
23-02-2025,23:54,After Evening
24-02-2025,16:53,Afternoon
24-02-2025,17:03,After Evening
24-02-2025,17:03,After Evening
24-02-2025,17:32,After Evening
25-02-2025,09:45,Morning
25-02-2025,10:00,Morning
25-02-2025,23:28,After Evening
26-02-2025,10:39,Morning
26-02-2025,11:25,Morning
26-02-2025,11:25,Morning
26-02-2025,11:26,Morning
26-02-2025,11:44,Morning
26-02-2025,11:50,Morning
26-02-2025,11:51,Morning
26-02-2025,11:51,Morning
26-02-2025,20:26,After Evening
27-02-2025,00:04,After Evening
27-02-2025,00:06,After Evening
27-02-2025,15:50,Afternoon
27-02-2025,19:07,After Evening
27-02-2025,19:07,After Evening
28-02-2025,17:41,After Evening
28-02-2025,18:16,After Evening
28-02-2025,21:54,After Evening
28-02-2025,21:59,After Evening
28-02-2025,22:44,After Evening
01-03-2025,00:11,After Evening
01-03-2025,00:12,After Evening
01-03-2025,10:32,Morning
01-03-2025,23:30,After Evening
01-03-2025,23:35,After Evening
01-03-2025,23:53,After Evening
02-03-2025,00:10,After Evening
02-03-2025,00:18,After Evening
02-03-2025,00:23,After Evening
02-03-2025,17:37,After Evening
02-03-2025,20:00,After Evening
03-03-2025,10:52,Morning
03-03-2025,15:38,Afternoon
03-03-2025,15:39,Afternoon
03-03-2025,15:41,Afternoon
03-03-2025,15:43,Afternoon
03-03-2025,18:01,After Evening
03-03-2025,22:18,After Evening
03-03-2025,23:50,After Evening
03-03-2025,23:59,After Evening
04-03-2025,00:01,After Evening
04-03-2025,17:52,After Evening
05-03-2025,00:00,After Evening
05-03-2025,00:01,After Evening
05-03-2025,00:06,After Evening
05-03-2025,07:29,Morning
05-03-2025,13:28,Afternoon
05-03-2025,13:56,Afternoon
05-03-2025,18:30,After Evening
05-03-2025,20:52,After Evening
05-03-2025,20:53,After Evening
05-03-2025,21:00,After Evening
05-03-2025,21:43,After Evening
05-03-2025,21:52,After Evening
05-03-2025,21:55,After Evening
05-03-2025,22:05,After Evening
05-03-2025,22:29,After Evening
06-03-2025,00:06,After Evening
06-03-2025,00:09,After Evening
06-03-2025,00:09,After Evening
06-03-2025,00:11,After Evening
06-03-2025,00:11,After Evening
06-03-2025,00:13,After Evening
06-03-2025,00:25,After Evening
06-03-2025,00:25,After Evening
06-03-2025,00:27,After Evening
06-03-2025,09:50,Morning
06-03-2025,10:34,Morning
06-03-2025,11:08,Morning
06-03-2025,11:31,Morning
06-03-2025,11:47,Morning
06-03-2025,18:12,After Evening
06-03-2025,18:23,After Evening
06-03-2025,18:53,After Evening
06-03-2025,20:17,After Evening
06-03-2025,21:03,After Evening
06-03-2025,21:04,After Evening
06-03-2025,22:41,After Evening
06-03-2025,23:39,After Evening
06-03-2025,23:42,After Evening
07-03-2025,00:01,After Evening
07-03-2025,00:07,After Evening
07-03-2025,00:32,After Evening
07-03-2025,12:45,Afternoon
07-03-2025,12:55,Afternoon
07-03-2025,13:13,Afternoon
07-03-2025,13:20,Afternoon
07-03-2025,17:23,After Evening
07-03-2025,17:44,After Evening
07-03-2025,17:44,After Evening
07-03-2025,17:46,After Evening
07-03-2025,18:03,After Evening
07-03-2025,18:26,After Evening
07-03-2025,19:45,After Evening
08-03-2025,00:02,After Evening
08-03-2025,00:02,After Evening
08-03-2025,00:06,After Evening
08-03-2025,00:06,After Evening
08-03-2025,00:10,After Evening
08-03-2025,00:17,After Evening
08-03-2025,00:23,After Evening
08-03-2025,07:28,Morning
08-03-2025,09:54,Morning
08-03-2025,13:30,Afternoon
08-03-2025,14:31,Afternoon
08-03-2025,19:49,After Evening
08-03-2025,19:49,After Evening
08-03-2025,19:49,After Evening
08-03-2025,20:13,After Evening
08-03-2025,20:14,After Evening
08-03-2025,21:22,After Evening
08-03-2025,22:18,After Evening
09-03-2025,00:01,After Evening
09-03-2025,00:01,After Evening
09-03-2025,00:02,After Evening
09-03-2025,00:05,After Evening
09-03-2025,00:06,After Evening
09-03-2025,00:07,After Evening
09-03-2025,00:11,After Evening
09-03-2025,11:16,Morning
09-03-2025,11:19,Morning
09-03-2025,11:47,Morning
09-03-2025,12:00,Afternoon
09-03-2025,17:28,After Evening
09-03-2025,21:23,After Evening
10-03-2025,09:27,Morning
10-03-2025,10:15,Morning
10-03-2025,10:29,Morning
10-03-2025,17:05,After Evening
10-03-2025,17:14,After Evening
10-03-2025,18:38,After Evening
10-03-2025,23:05,After Evening
10-03-2025,23:28,After Evening
11-03-2025,00:06,After Evening
11-03-2025,11:50,Morning
11-03-2025,12:44,Afternoon
11-03-2025,12:57,Afternoon
11-03-2025,23:48,After Evening
12-03-2025,00:09,After Evening
12-03-2025,09:12,Morning
12-03-2025,09:35,Morning
12-03-2025,09:36,Morning
12-03-2025,09:42,Morning
13-03-2025,10:48,Morning
13-03-2025,11:00,Morning
13-03-2025,11:21,Morning
13-03-2025,11:24,Morning
13-03-2025,11:25,Morning
13-03-2025,11:25,Morning
13-03-2025,11:27,Morning
13-03-2025,14:31,Afternoon
13-03-2025,16:38,Afternoon
14-03-2025,00:05,After Evening
14-03-2025,18:07,After Evening
14-03-2025,22:20,After Evening
14-03-2025,22:43,After Evening
15-03-2025,10:08,Morning
15-03-2025,10:11,Morning
15-03-2025,10:13,Morning
15-03-2025,10:20,Morning
15-03-2025,10:21,Morning
15-03-2025,10:23,Morning
15-03-2025,11:51,Morning
16-03-2025,11:25,Morning
16-03-2025,11:27,Morning
16-03-2025,11:47,Morning
16-03-2025,11:51,Morning
16-03-2025,14:07,Afternoon
16-03-2025,22:58,After Evening
16-03-2025,23:04,After Evening
17-03-2025,10:35,Morning
17-03-2025,10:37,Morning
17-03-2025,12:17,Afternoon
17-03-2025,12:31,Afternoon
17-03-2025,14:19,Afternoon
17-03-2025,14:21,Afternoon
18-03-2025,10:06,Morning
18-03-2025,10:16,Morning
18-03-2025,10:18,Morning
18-03-2025,10:20,Morning
18-03-2025,14:48,Afternoon
18-03-2025,18:16,After Evening
18-03-2025,18:17,After Evening
18-03-2025,20:46,After Evening
18-03-2025,21:00,After Evening
18-03-2025,21:01,After Evening
18-03-2025,21:02,After Evening
18-03-2025,21:34,After Evening
18-03-2025,21:35,After Evening
18-03-2025,21:58,After Evening
18-03-2025,21:58,After Evening
19-03-2025,00:04,After Evening
19-03-2025,00:04,After Evening
19-03-2025,00:13,After Evening
19-03-2025,00:14,After Evening
19-03-2025,00:16,After Evening
19-03-2025,10:19,Morning
19-03-2025,10:41,Morning
19-03-2025,11:10,Morning
19-03-2025,11:18,Morning
19-03-2025,12:05,Afternoon
19-03-2025,13:41,Afternoon
19-03-2025,14:09,Afternoon
20-03-2025,00:09,After Evening
20-03-2025,09:31,Morning
20-03-2025,10:04,Morning
20-03-2025,10:06,Morning
20-03-2025,10:11,Morning
20-03-2025,10:12,Morning
20-03-2025,10:18,Morning
20-03-2025,11:09,Morning
20-03-2025,13:44,Afternoon
20-03-2025,17:27,After Evening
20-03-2025,17:34,After Evening
20-03-2025,21:12,After Evening
20-03-2025,21:13,After Evening
20-03-2025,21:15,After Evening
20-03-2025,21:17,After Evening
20-03-2025,21:26,After Evening
20-03-2025,21:54,After Evening
21-03-2025,09:39,Morning
21-03-2025,09:39,Morning
21-03-2025,11:24,Morning
21-03-2025,11:25,Morning
21-03-2025,11:36,Morning
21-03-2025,11:38,Morning
21-03-2025,11:43,Morning
21-03-2025,11:47,Morning
21-03-2025,17:28,After Evening
21-03-2025,18:02,After Evening
21-03-2025,22:22,After Evening
22-03-2025,09:57,Morning
22-03-2025,11:26,Morning
22-03-2025,22:59,After Evening
22-03-2025,23:10,After Evening
22-03-2025,23:15,After Evening
23-03-2025,09:49,Morning
23-03-2025,12:53,Afternoon
23-03-2025,17:29,After Evening
23-03-2025,17:30,After Evening
24-03-2025,11:59,Morning
24-03-2025,14:57,Afternoon
24-03-2025,15:03,Afternoon
24-03-2025,15:07,Afternoon
24-03-2025,15:22,Afternoon
24-03-2025,15:36,Afternoon
25-03-2025,12:07,Afternoon
25-03-2025,12:28,Afternoon
25-03-2025,13:06,Afternoon
25-03-2025,13:31,Afternoon
25-03-2025,13:37,Afternoon
25-03-2025,13:46,Afternoon
25-03-2025,14:03,Afternoon
26-03-2025,20:02,After Evening
27-03-2025,09:42,Morning
27-03-2025,09:47,Morning
28-03-2025,00:02,After Evening
28-03-2025,11:00,Morning
28-03-2025,15:49,Afternoon
28-03-2025,15:59,Afternoon
28-03-2025,16:00,Afternoon
28-03-2025,17:08,After Evening
28-03-2025,17:12,After Evening
28-03-2025,18:02,After Evening
28-03-2025,22:44,After Evening
28-03-2025,22:44,After Evening
29-03-2025,11:24,Morning
29-03-2025,11:34,Morning
29-03-2025,12:45,Afternoon
29-03-2025,12:46,Afternoon
29-03-2025,12:49,Afternoon
29-03-2025,18:09,After Evening
30-03-2025,00:02,After Evening
30-03-2025,00:05,After Evening
30-03-2025,00:09,After Evening
30-03-2025,00:09,After Evening
30-03-2025,00:11,After Evening
30-03-2025,00:11,After Evening
30-03-2025,00:17,After Evening
30-03-2025,00:18,After Evening
30-03-2025,00:25,After Evening
30-03-2025,14:42,Afternoon
30-03-2025,16:34,Afternoon
30-03-2025,17:03,After Evening
30-03-2025,17:04,After Evening
30-03-2025,17:44,After Evening
30-03-2025,22:59,After Evening
30-03-2025,23:45,After Evening
30-03-2025,23:46,After Evening
31-03-2025,14:53,Afternoon
31-03-2025,21:32,After Evening
31-03-2025,22:02,After Evening
31-03-2025,22:10,After Evening
01-04-2025,09:49,Morning
01-04-2025,09:50,Morning
01-04-2025,09:51,Morning
01-04-2025,16:51,Afternoon
02-04-2025,15:53,Afternoon
02-04-2025,15:55,Afternoon
02-04-2025,15:55,Afternoon
02-04-2025,21:49,After Evening
03-04-2025,10:23,Morning
03-04-2025,11:41,Morning
03-04-2025,12:01,Afternoon
03-04-2025,12:16,Afternoon
03-04-2025,12:17,Afternoon
03-04-2025,13:44,Afternoon
03-04-2025,17:51,After Evening
03-04-2025,18:21,After Evening
03-04-2025,18:31,After Evening
03-04-2025,19:37,After Evening
03-04-2025,21:10,After Evening
04-04-2025,00:16,After Evening
04-04-2025,00:16,After Evening
04-04-2025,17:41,After Evening
04-04-2025,21:31,After Evening
05-04-2025,10:04,Morning
05-04-2025,10:09,Morning
05-04-2025,11:58,Morning
05-04-2025,12:49,Afternoon
05-04-2025,12:51,Afternoon
05-04-2025,12:55,Afternoon
05-04-2025,14:23,Afternoon
05-04-2025,18:58,After Evening
05-04-2025,21:02,After Evening
05-04-2025,21:08,After Evening
06-04-2025,09:09,Morning
06-04-2025,09:10,Morning
06-04-2025,09:11,Morning
06-04-2025,14:38,Afternoon
06-04-2025,16:38,Afternoon
06-04-2025,16:43,Afternoon
06-04-2025,23:37,After Evening
06-04-2025,23:47,After Evening
06-04-2025,23:49,After Evening
06-04-2025,23:51,After Evening
06-04-2025,23:53,After Evening
07-04-2025,00:02,After Evening
07-04-2025,00:11,After Evening
07-04-2025,18:02,After Evening
07-04-2025,18:06,After Evening
07-04-2025,18:43,After Evening
07-04-2025,23:33,After Evening
07-04-2025,23:34,After Evening
07-04-2025,23:35,After Evening
08-04-2025,10:30,Morning
08-04-2025,10:50,Morning
08-04-2025,13:18,Afternoon
08-04-2025,13:56,Afternoon
08-04-2025,17:42,After Evening
08-04-2025,22:45,After Evening
08-04-2025,22:46,After Evening
09-04-2025,09:00,Morning
09-04-2025,09:56,Morning
09-04-2025,09:57,Morning
09-04-2025,09:58,Morning
09-04-2025,10:06,Morning
09-04-2025,10:12,Morning
09-04-2025,12:21,Afternoon
09-04-2025,15:24,Afternoon
09-04-2025,15:29,Afternoon
09-04-2025,17:49,After Evening
09-04-2025,18:01,After Evening
09-04-2025,23:59,After Evening
10-04-2025,00:08,After Evening
10-04-2025,00:08,After Evening
10-04-2025,00:11,After Evening
10-04-2025,00:12,After Evening
10-04-2025,00:12,After Evening
10-04-2025,00:16,After Evening
10-04-2025,00:29,After Evening
10-04-2025,08:44,Morning
10-04-2025,10:07,Morning
10-04-2025,10:09,Morning
10-04-2025,10:10,Morning
10-04-2025,10:32,Morning
10-04-2025,13:53,Afternoon
10-04-2025,15:21,Afternoon
11-04-2025,00:03,After Evening
11-04-2025,00:04,After Evening
11-04-2025,00:08,After Evening
11-04-2025,12:29,Afternoon
11-04-2025,22:09,After Evening
11-04-2025,23:42,After Evening
12-04-2025,00:07,After Evening
12-04-2025,00:07,After Evening
12-04-2025,00:07,After Evening
12-04-2025,00:07,After Evening
12-04-2025,00:07,After Evening
12-04-2025,00:07,After Evening
12-04-2025,09:43,Morning
12-04-2025,09:44,Morning
12-04-2025,10:09,Morning
12-04-2025,10:13,Morning
12-04-2025,10:15,Morning
12-04-2025,19:02,After Evening
13-04-2025,09:00,Morning
13-04-2025,09:06,Morning
13-04-2025,14:59,Afternoon
13-04-2025,15:00,Afternoon
13-04-2025,16:09,Afternoon
14-04-2025,12:04,Afternoon
14-04-2025,12:25,Afternoon
14-04-2025,14:03,Afternoon
14-04-2025,18:29,After Evening
14-04-2025,18:31,After Evening
14-04-2025,18:50,After Evening
14-04-2025,20:30,After Evening
15-04-2025,10:00,Morning
15-04-2025,10:59,Morning
15-04-2025,10:59,Morning
15-04-2025,15:19,Afternoon
15-04-2025,17:44,After Evening
15-04-2025,18:26,After Evening
16-04-2025,10:20,Morning
16-04-2025,10:44,Morning
16-04-2025,10:45,Morning
16-04-2025,12:46,Afternoon
16-04-2025,16:36,Afternoon
16-04-2025,17:56,After Evening
16-04-2025,19:07,After Evening
16-04-2025,22:47,After Evening
16-04-2025,22:58,After Evening
16-04-2025,23:26,After Evening
17-04-2025,00:09,After Evening
17-04-2025,00:12,After Evening
17-04-2025,00:15,After Evening
17-04-2025,00:16,After Evening
17-04-2025,08:50,Morning
17-04-2025,08:52,Morning
17-04-2025,10:25,Morning
17-04-2025,10:25,Morning
17-04-2025,10:41,Morning
17-04-2025,10:55,Morning
17-04-2025,11:45,Morning
18-04-2025,10:28,Morning
18-04-2025,10:36,Morning
18-04-2025,10:39,Morning
18-04-2025,17:08,After Evening
18-04-2025,21:41,After Evening
19-04-2025,11:11,Morning
19-04-2025,11:19,Morning
19-04-2025,14:47,Afternoon
20-04-2025,10:47,Morning
20-04-2025,11:02,Morning
20-04-2025,11:44,Morning
21-04-2025,18:25,After Evening
21-04-2025,18:33,After Evening
21-04-2025,18:47,After Evening
22-04-2025,10:50,Morning
22-04-2025,15:58,Afternoon
22-04-2025,18:25,After Evening
22-04-2025,18:36,After Evening
22-04-2025,19:23,After Evening
22-04-2025,23:22,After Evening
22-04-2025,23:34,After Evening
23-04-2025,10:24,Morning
23-04-2025,10:29,Morning
23-04-2025,11:55,Morning
23-04-2025,11:58,Morning
23-04-2025,11:59,Morning
23-04-2025,12:20,Afternoon
23-04-2025,12:20,Afternoon
23-04-2025,12:21,Afternoon
23-04-2025,12:24,Afternoon
23-04-2025,12:25,Afternoon
23-04-2025,12:26,Afternoon
23-04-2025,12:26,Afternoon
23-04-2025,12:26,Afternoon
23-04-2025,12:27,Afternoon
23-04-2025,12:40,Afternoon
23-04-2025,12:42,Afternoon
23-04-2025,12:44,Afternoon
23-04-2025,12:45,Afternoon
23-04-2025,14:50,Afternoon
23-04-2025,17:24,After Evening
24-04-2025,14:06,Afternoon
24-04-2025,15:40,Afternoon
24-04-2025,20:24,After Evening
24-04-2025,21:05,After Evening
25-04-2025,10:30,Morning
25-04-2025,10:55,Morning
25-04-2025,22:20,After Evening
25-04-2025,22:20,After Evening
26-04-2025,10:39,Morning
26-04-2025,11:02,Morning
26-04-2025,11:05,Morning
26-04-2025,19:16,After Evening
27-04-2025,00:01,After Evening
27-04-2025,14:13,Afternoon
27-04-2025,14:17,Afternoon
27-04-2025,18:13,After Evening
27-04-2025,18:37,After Evening
27-04-2025,23:33,After Evening
28-04-2025,00:05,After Evening
28-04-2025,11:46,Morning
28-04-2025,11:50,Morning
28-04-2025,11:51,Morning
28-04-2025,12:07,Afternoon
28-04-2025,12:07,Afternoon
28-04-2025,15:39,Afternoon
28-04-2025,15:54,Afternoon
28-04-2025,16:51,Afternoon
28-04-2025,21:33,After Evening
28-04-2025,21:38,After Evening
28-04-2025,21:39,After Evening
29-04-2025,00:03,After Evening
29-04-2025,00:03,After Evening
29-04-2025,00:03,After Evening
29-04-2025,18:14,After Evening
30-04-2025,09:59,Morning
30-04-2025,12:45,Afternoon
30-04-2025,13:41,Afternoon
30-04-2025,13:42,Afternoon
30-04-2025,13:47,Afternoon
30-04-2025,14:17,Afternoon
30-04-2025,19:22,After Evening
30-04-2025,19:24,After Evening
30-04-2025,19:25,After Evening
30-04-2025,19:32,After Evening
30-04-2025,20:09,After Evening
30-04-2025,20:10,After Evening
30-04-2025,20:11,After Evening
30-04-2025,20:45,After Evening
30-04-2025,20:48,After Evening
30-04-2025,20:48,After Evening
30-04-2025,21:00,After Evening
30-04-2025,23:25,After Evening
30-04-2025,23:26,After Evening
30-04-2025,23:28,After Evening
30-04-2025,23:30,After Evening
30-04-2025,23:37,After Evening
30-04-2025,23:37,After Evening
30-04-2025,23:38,After Evening
30-04-2025,23:38,After Evening
30-04-2025,23:39,After Evening
30-04-2025,23:39,After Evening
30-04-2025,23:41,After Evening
01-05-2025,00:01,After Evening
01-05-2025,00:01,After Evening
01-05-2025,00:02,After Evening
01-05-2025,00:02,After Evening
01-05-2025,00:04,After Evening
01-05-2025,00:04,After Evening
01-05-2025,00:04,After Evening
01-05-2025,00:04,After Evening
01-05-2025,00:05,After Evening
01-05-2025,00:05,After Evening
01-05-2025,00:06,After Evening
01-05-2025,00:07,After Evening
01-05-2025,00:09,After Evening
01-05-2025,00:09,After Evening
01-05-2025,00:14,After Evening
01-05-2025,00:14,After Evening
01-05-2025,00:23,After Evening
01-05-2025,00:23,After Evening
01-05-2025,00:23,After Evening
01-05-2025,00:23,After Evening
01-05-2025,00:23,After Evening
01-05-2025,00:23,After Evening
01-05-2025,00:23,After Evening
01-05-2025,00:24,After Evening
01-05-2025,00:24,After Evening
01-05-2025,00:24,After Evening
01-05-2025,00:24,After Evening
01-05-2025,00:28,After Evening
01-05-2025,00:30,After Evening
01-05-2025,00:30,After Evening
01-05-2025,00:34,After Evening
01-05-2025,09:23,Morning
01-05-2025,09:26,Morning
01-05-2025,09:47,Morning
01-05-2025,10:12,Morning
01-05-2025,10:17,Morning
01-05-2025,10:19,Morning
01-05-2025,10:20,Morning
01-05-2025,10:30,Morning
01-05-2025,10:38,Morning
01-05-2025,11:16,Morning
01-05-2025,12:29,Afternoon
01-05-2025,12:30,Afternoon
01-05-2025,12:30,Afternoon
01-05-2025,12:33,Afternoon
01-05-2025,12:33,Afternoon
01-05-2025,14:42,Afternoon
01-05-2025,19:48,After Evening
02-05-2025,00:10,After Evening
02-05-2025,00:11,After Evening
02-05-2025,00:19,After Evening
02-05-2025,00:36,After Evening
02-05-2025,09:27,Morning
02-05-2025,09:31,Morning
02-05-2025,09:31,Morning
02-05-2025,09:33,Morning
02-05-2025,09:35,Morning
02-05-2025,09:36,Morning
02-05-2025,09:38,Morning
02-05-2025,23:29,After Evening
02-05-2025,23:38,After Evening
02-05-2025,23:56,After Evening
02-05-2025,23:57,After Evening
03-05-2025,00:00,After Evening
03-05-2025,00:01,After Evening
03-05-2025,00:01,After Evening
03-05-2025,00:03,After Evening
03-05-2025,00:04,After Evening
03-05-2025,00:05,After Evening
03-05-2025,00:06,After Evening
03-05-2025,00:06,After Evening
03-05-2025,00:07,After Evening
03-05-2025,00:08,After Evening
03-05-2025,00:08,After Evening
03-05-2025,00:11,After Evening
03-05-2025,00:12,After Evening
03-05-2025,00:13,After Evening
03-05-2025,13:03,Afternoon
03-05-2025,13:30,Afternoon
03-05-2025,13:34,Afternoon
03-05-2025,13:36,Afternoon
03-05-2025,13:38,Afternoon
03-05-2025,13:40,Afternoon
03-05-2025,13:40,Afternoon
03-05-2025,13:42,Afternoon
03-05-2025,17:44,After Evening
03-05-2025,17:45,After Evening
03-05-2025,23:53,After Evening
03-05-2025,23:54,After Evening
04-05-2025,00:06,After Evening
04-05-2025,00:06,After Evening
04-05-2025,00:07,After Evening
04-05-2025,00:07,After Evening
04-05-2025,00:07,After Evening
04-05-2025,00:07,After Evening
04-05-2025,00:08,After Evening
04-05-2025,00:09,After Evening
04-05-2025,00:09,After Evening
04-05-2025,00:11,After Evening
04-05-2025,00:11,After Evening
04-05-2025,00:12,After Evening
04-05-2025,00:15,After Evening
04-05-2025,00:16,After Evening
04-05-2025,00:17,After Evening
04-05-2025,00:18,After Evening
04-05-2025,00:47,After Evening
04-05-2025,00:47,After Evening
04-05-2025,00:48,After Evening
04-05-2025,09:53,Morning
04-05-2025,12:58,Afternoon
04-05-2025,13:20,Afternoon
04-05-2025,13:21,Afternoon
04-05-2025,14:27,Afternoon
05-05-2025,15:04,Afternoon
05-05-2025,19:56,After Evening
05-05-2025,19:59,After Evening
05-05-2025,20:01,After Evening
05-05-2025,20:01,After Evening
05-05-2025,20:03,After Evening
05-05-2025,20:09,After Evening
05-05-2025,20:09,After Evening
05-05-2025,20:12,After Evening
05-05-2025,20:13,After Evening
05-05-2025,20:14,After Evening
05-05-2025,20:14,After Evening
05-05-2025,20:15,After Evening
05-05-2025,20:15,After Evening
05-05-2025,20:16,After Evening
05-05-2025,20:18,After Evening
05-05-2025,20:19,After Evening
05-05-2025,20:21,After Evening
05-05-2025,23:11,After Evening
05-05-2025,23:12,After Evening
06-05-2025,11:09,Morning
06-05-2025,23:56,After Evening
07-05-2025,00:07,After Evening
07-05-2025,00:07,After Evening
07-05-2025,00:07,After Evening
07-05-2025,00:07,After Evening
07-05-2025,00:08,After Evening
07-05-2025,00:18,After Evening
07-05-2025,10:59,Morning
07-05-2025,12:13,Afternoon
07-05-2025,12:45,Afternoon
07-05-2025,12:46,Afternoon
07-05-2025,12:47,Afternoon
07-05-2025,12:48,Afternoon
07-05-2025,18:26,After Evening
07-05-2025,21:18,After Evening
07-05-2025,21:19,After Evening
07-05-2025,23:19,After Evening
07-05-2025,23:32,After Evening
08-05-2025,09:27,Morning
08-05-2025,09:28,Morning
08-05-2025,09:29,Morning
08-05-2025,10:58,Morning
08-05-2025,11:06,Morning
08-05-2025,11:16,Morning
08-05-2025,11:29,Morning
08-05-2025,14:55,Afternoon
08-05-2025,21:28,After Evening
09-05-2025,08:46,Morning
09-05-2025,09:36,Morning
09-05-2025,10:32,Morning
09-05-2025,11:10,Morning
09-05-2025,12:38,Afternoon
10-05-2025,10:56,Morning
10-05-2025,10:56,Morning
10-05-2025,10:57,Morning
10-05-2025,11:49,Morning
10-05-2025,11:49,Morning
10-05-2025,13:10,Afternoon
10-05-2025,14:20,Afternoon
10-05-2025,16:07,Afternoon
10-05-2025,16:11,Afternoon
10-05-2025,23:57,After Evening
11-05-2025,00:05,After Evening
11-05-2025,00:06,After Evening
11-05-2025,00:06,After Evening
11-05-2025,00:07,After Evening
11-05-2025,00:08,After Evening
11-05-2025,00:08,After Evening
11-05-2025,00:12,After Evening
11-05-2025,00:15,After Evening
11-05-2025,00:21,After Evening
11-05-2025,00:22,After Evening
11-05-2025,00:24,After Evening
11-05-2025,14:06,Afternoon
11-05-2025,14:07,Afternoon
11-05-2025,20:33,After Evening
11-05-2025,20:35,After Evening
11-05-2025,22:58,After Evening
11-05-2025,23:20,After Evening
12-05-2025,00:04,After Evening
12-05-2025,00:20,After Evening
12-05-2025,00:20,After Evening
12-05-2025,00:22,After Evening
12-05-2025,00:23,After Evening
12-05-2025,00:24,After Evening
12-05-2025,00:43,After Evening
12-05-2025,01:03,After Evening
12-05-2025,09:20,Morning
12-05-2025,10:12,Morning
12-05-2025,10:36,Morning
12-05-2025,10:36,Morning
12-05-2025,10:43,Morning
12-05-2025,10:44,Morning
12-05-2025,14:38,Afternoon
12-05-2025,14:40,Afternoon
12-05-2025,23:19,After Evening
13-05-2025,10:49,Morning
13-05-2025,15:01,Afternoon
13-05-2025,17:21,After Evening
13-05-2025,17:23,After Evening
13-05-2025,17:59,After Evening
13-05-2025,22:06,After Evening
15-05-2025,11:41,Morning
15-05-2025,12:13,Afternoon
15-05-2025,22:27,After Evening
15-05-2025,22:27,After Evening
16-05-2025,00:28,After Evening
16-05-2025,08:17,Morning
16-05-2025,08:18,Morning
16-05-2025,08:24,Morning
16-05-2025,09:32,Morning
16-05-2025,09:33,Morning
16-05-2025,21:19,After Evening
16-05-2025,21:21,After Evening
16-05-2025,21:22,After Evening
16-05-2025,21:25,After Evening
16-05-2025,21:27,After Evening
16-05-2025,21:48,After Evening
16-05-2025,21:48,After Evening
16-05-2025,21:49,After Evening
16-05-2025,21:57,After Evening
16-05-2025,22:43,After Evening
17-05-2025,00:31,After Evening
17-05-2025,00:33,After Evening
17-05-2025,09:54,Morning
17-05-2025,11:16,Morning
17-05-2025,12:07,Afternoon
17-05-2025,12:41,Afternoon
17-05-2025,12:44,Afternoon
17-05-2025,17:23,After Evening
17-05-2025,17:27,After Evening
17-05-2025,17:28,After Evening
17-05-2025,17:36,After Evening
17-05-2025,18:26,After Evening
18-05-2025,10:58,Morning
18-05-2025,10:59,Morning
18-05-2025,11:00,Morning
18-05-2025,11:01,Morning
18-05-2025,11:17,Morning
18-05-2025,11:26,Morning
18-05-2025,11:27,Morning
18-05-2025,11:27,Morning
18-05-2025,11:30,Morning
18-05-2025,11:44,Morning
18-05-2025,13:22,Afternoon
18-05-2025,22:21,After Evening
18-05-2025,22:23,After Evening
18-05-2025,22:30,After Evening
18-05-2025,22:31,After Evening
18-05-2025,22:32,After Evening
18-05-2025,22:33,After Evening
19-05-2025,10:01,Morning
19-05-2025,10:03,Morning
19-05-2025,10:14,Morning
19-05-2025,10:26,Morning
19-05-2025,10:27,Morning
19-05-2025,10:37,Morning
19-05-2025,11:05,Morning
19-05-2025,12:25,Afternoon
19-05-2025,12:26,Afternoon
19-05-2025,12:39,Afternoon
19-05-2025,14:44,Afternoon
19-05-2025,15:32,Afternoon
19-05-2025,15:33,Afternoon
19-05-2025,16:50,Afternoon
19-05-2025,17:04,After Evening
19-05-2025,17:04,After Evening
19-05-2025,21:15,After Evening
19-05-2025,21:28,After Evening
19-05-2025,21:52,After Evening
20-05-2025,10:01,Morning
20-05-2025,10:09,Morning
20-05-2025,11:18,Morning
20-05-2025,11:22,Morning
20-05-2025,11:32,Morning
20-05-2025,11:32,Morning
20-05-2025,12:44,Afternoon
20-05-2025,12:44,Afternoon
20-05-2025,17:46,After Evening
20-05-2025,18:40,After Evening
20-05-2025,18:41,After Evening
20-05-2025,18:44,After Evening
20-05-2025,18:44,After Evening
20-05-2025,18:47,After Evening
20-05-2025,18:47,After Evening
20-05-2025,21:53,After Evening
20-05-2025,21:57,After Evening
21-05-2025,06:55,Morning
21-05-2025,07:00,Morning
21-05-2025,10:55,Morning
21-05-2025,11:41,Morning
21-05-2025,11:42,Morning
21-05-2025,11:43,Morning
21-05-2025,11:51,Morning
21-05-2025,12:04,Afternoon
21-05-2025,12:51,Afternoon
21-05-2025,13:38,Afternoon
21-05-2025,16:42,Afternoon
21-05-2025,19:57,After Evening
